{"cameraMode":{"drawMode":0,"name":"Shaded","section":"Shading Mode"},"sceneLighting":false,"audioPlay":false,"sceneViewState":{"showFog":true,"showMaterialUpdate":false,"showSkybox":false,"showFlares":true,"showImageEffects":true,"showParticleSystems":true},"in2DMode":false,"pivot":{"x":-0.3478742837905884,"y":0.7379248142242432,"z":-0.19275489449501038},"rotation":{"x":0.5441596508026123,"y":0.005033837631344795,"z":-0.003264979226514697,"w":0.8389606475830078},"size":10.0,"orthographic":false}