{"cameraMode":{"drawMode":0,"name":"Shaded","section":"Shading Mode"},"sceneLighting":true,"audioPlay":false,"sceneViewState":{"showFog":true,"showMaterialUpdate":false,"showSkybox":true,"showFlares":true,"showImageEffects":true,"showParticleSystems":true},"in2DMode":false,"pivot":{"x":0.1510513573884964,"y":2.682973861694336,"z":12.586883544921875},"rotation":{"x":0.5441596508026123,"y":0.005033837631344795,"z":-0.003264979226514697,"w":0.8389606475830078},"size":10.0,"orthographic":false}