{"cameraMode":{"drawMode":0,"name":"Shaded","section":"Shading Mode"},"sceneLighting":false,"audioPlay":false,"sceneViewState":{"showFog":true,"showMaterialUpdate":false,"showSkybox":false,"showFlares":true,"showImageEffects":true,"showParticleSystems":true},"in2DMode":false,"pivot":{"x":2.3399999141693117,"y":1.0099999904632569,"z":-0.003000020980834961},"rotation":{"x":0.206070676445961,"y":0.36203306913375857,"z":-0.08240373432636261,"w":0.9053646326065064},"size":1.7532461881637574,"orthographic":false}